"cells","sample","tree_num","tree","tree_file_name","num_df","fn","min_DF_cells","full_tree_cells"
248,0,1,"Patient14_trees.txt","Patient14_trees.txt_T0_DF.csv",1,0.046,248,461
273,0,2,"Patient14_trees.txt","Patient14_trees.txt_T1_DF.csv",1,0.046,273,844
260,0,3,"Patient14_trees.txt","Patient14_trees.txt_T2_DF.csv",1,0.046,260,806
260,0,4,"Patient14_trees.txt","Patient14_trees.txt_T3_DF.csv",1,0.046,260,455
337,0,1,"Patient22_trees.txt","Patient22_trees.txt_T0_DF.csv",1,0.039,337,396
334,0,2,"Patient22_trees.txt","Patient22_trees.txt_T1_DF.csv",1,0.039,334,394
358,0,11,"Patient22_trees.txt","Patient22_trees.txt_T10_DF.csv",1,0.039,358,396
334,0,12,"Patient22_trees.txt","Patient22_trees.txt_T11_DF.csv",1,0.039,334,344
346,0,13,"Patient22_trees.txt","Patient22_trees.txt_T12_DF.csv",1,0.039,346,448
346,0,14,"Patient22_trees.txt","Patient22_trees.txt_T13_DF.csv",1,0.039,346,338
346,0,15,"Patient22_trees.txt","Patient22_trees.txt_T14_DF.csv",1,0.039,346,406
346,0,16,"Patient22_trees.txt","Patient22_trees.txt_T15_DF.csv",1,0.039,346,411
358,0,17,"Patient22_trees.txt","Patient22_trees.txt_T16_DF.csv",1,0.039,358,356
334,0,18,"Patient22_trees.txt","Patient22_trees.txt_T17_DF.csv",1,0.039,334,361
334,0,19,"Patient22_trees.txt","Patient22_trees.txt_T18_DF.csv",1,0.039,334,374
334,0,20,"Patient22_trees.txt","Patient22_trees.txt_T19_DF.csv",1,0.039,334,536
340,0,3,"Patient22_trees.txt","Patient22_trees.txt_T2_DF.csv",1,0.039,340,363
346,0,21,"Patient22_trees.txt","Patient22_trees.txt_T20_DF.csv",1,0.039,346,770
346,0,22,"Patient22_trees.txt","Patient22_trees.txt_T21_DF.csv",1,0.039,346,362
358,0,23,"Patient22_trees.txt","Patient22_trees.txt_T22_DF.csv",1,0.039,358,346
370,0,24,"Patient22_trees.txt","Patient22_trees.txt_T23_DF.csv",1,0.039,370,359
358,0,25,"Patient22_trees.txt","Patient22_trees.txt_T24_DF.csv",1,0.039,358,534
346,0,26,"Patient22_trees.txt","Patient22_trees.txt_T25_DF.csv",1,0.039,346,550
348,0,27,"Patient22_trees.txt","Patient22_trees.txt_T26_DF.csv",1,0.039,348,552
348,0,28,"Patient22_trees.txt","Patient22_trees.txt_T27_DF.csv",1,0.039,348,11262
348,0,29,"Patient22_trees.txt","Patient22_trees.txt_T28_DF.csv",1,0.039,348,11262
360,0,30,"Patient22_trees.txt","Patient22_trees.txt_T29_DF.csv",1,0.039,360,803
340,0,4,"Patient22_trees.txt","Patient22_trees.txt_T3_DF.csv",1,0.039,340,429
350,0,31,"Patient22_trees.txt","Patient22_trees.txt_T30_DF.csv",1,0.039,350,410
362,0,32,"Patient22_trees.txt","Patient22_trees.txt_T31_DF.csv",1,0.039,362,402
362,0,33,"Patient22_trees.txt","Patient22_trees.txt_T32_DF.csv",1,0.039,362,11262
350,0,34,"Patient22_trees.txt","Patient22_trees.txt_T33_DF.csv",1,0.039,350,569
348,0,35,"Patient22_trees.txt","Patient22_trees.txt_T34_DF.csv",1,0.039,348,443
360,0,36,"Patient22_trees.txt","Patient22_trees.txt_T35_DF.csv",1,0.039,360,412
348,0,37,"Patient22_trees.txt","Patient22_trees.txt_T36_DF.csv",1,0.039,348,11262
348,0,38,"Patient22_trees.txt","Patient22_trees.txt_T37_DF.csv",1,0.039,348,590
348,0,39,"Patient22_trees.txt","Patient22_trees.txt_T38_DF.csv",1,0.039,348,413
350,0,40,"Patient22_trees.txt","Patient22_trees.txt_T39_DF.csv",1,0.039,350,404
337,0,5,"Patient22_trees.txt","Patient22_trees.txt_T4_DF.csv",1,0.039,337,349
350,0,41,"Patient22_trees.txt","Patient22_trees.txt_T40_DF.csv",1,0.039,350,361
348,0,42,"Patient22_trees.txt","Patient22_trees.txt_T41_DF.csv",1,0.039,348,364
348,0,43,"Patient22_trees.txt","Patient22_trees.txt_T42_DF.csv",1,0.039,348,556
360,0,44,"Patient22_trees.txt","Patient22_trees.txt_T43_DF.csv",1,0.039,360,365
348,0,45,"Patient22_trees.txt","Patient22_trees.txt_T44_DF.csv",1,0.039,348,370
360,0,46,"Patient22_trees.txt","Patient22_trees.txt_T45_DF.csv",1,0.039,360,368
348,0,47,"Patient22_trees.txt","Patient22_trees.txt_T46_DF.csv",1,0.039,348,454
350,0,48,"Patient22_trees.txt","Patient22_trees.txt_T47_DF.csv",1,0.039,350,770
362,0,49,"Patient22_trees.txt","Patient22_trees.txt_T48_DF.csv",1,0.039,362,375
362,0,50,"Patient22_trees.txt","Patient22_trees.txt_T49_DF.csv",1,0.039,362,557
337,0,6,"Patient22_trees.txt","Patient22_trees.txt_T5_DF.csv",1,0.039,337,461
350,0,51,"Patient22_trees.txt","Patient22_trees.txt_T50_DF.csv",1,0.039,350,595
362,0,52,"Patient22_trees.txt","Patient22_trees.txt_T51_DF.csv",1,0.039,362,355
362,0,53,"Patient22_trees.txt","Patient22_trees.txt_T52_DF.csv",1,0.039,362,578
377,0,54,"Patient22_trees.txt","Patient22_trees.txt_T53_DF.csv",1,0.039,377,426
365,0,55,"Patient22_trees.txt","Patient22_trees.txt_T54_DF.csv",1,0.039,365,770
353,0,56,"Patient22_trees.txt","Patient22_trees.txt_T55_DF.csv",1,0.039,353,580
377,0,57,"Patient22_trees.txt","Patient22_trees.txt_T56_DF.csv",1,0.039,377,433
334,0,7,"Patient22_trees.txt","Patient22_trees.txt_T6_DF.csv",1,0.039,334,613
343,0,8,"Patient22_trees.txt","Patient22_trees.txt_T7_DF.csv",1,0.039,343,803
337,0,9,"Patient22_trees.txt","Patient22_trees.txt_T8_DF.csv",1,0.039,337,11262
340,0,10,"Patient22_trees.txt","Patient22_trees.txt_T9_DF.csv",1,0.039,340,476
522,0,1,"Patient26_trees.txt","Patient26_trees.txt_T0_DF.csv",1,0.045,522,522
527,0,2,"Patient26_trees.txt","Patient26_trees.txt_T1_DF.csv",1,0.045,527,527
565,0,11,"Patient26_trees.txt","Patient26_trees.txt_T10_DF.csv",1,0.045,565,527
543,0,12,"Patient26_trees.txt","Patient26_trees.txt_T11_DF.csv",1,0.045,543,522
547,0,13,"Patient26_trees.txt","Patient26_trees.txt_T12_DF.csv",1,0.045,547,529
547,0,14,"Patient26_trees.txt","Patient26_trees.txt_T13_DF.csv",1,0.045,547,532
547,0,15,"Patient26_trees.txt","Patient26_trees.txt_T14_DF.csv",1,0.045,547,543
551,0,16,"Patient26_trees.txt","Patient26_trees.txt_T15_DF.csv",1,0.045,551,820
551,0,17,"Patient26_trees.txt","Patient26_trees.txt_T16_DF.csv",1,0.045,551,543
547,0,18,"Patient26_trees.txt","Patient26_trees.txt_T17_DF.csv",1,0.045,547,820
547,0,19,"Patient26_trees.txt","Patient26_trees.txt_T18_DF.csv",1,0.045,547,565
552,0,20,"Patient26_trees.txt","Patient26_trees.txt_T19_DF.csv",1,0.045,552,543
527,0,3,"Patient26_trees.txt","Patient26_trees.txt_T2_DF.csv",1,0.045,527,547
551,0,21,"Patient26_trees.txt","Patient26_trees.txt_T20_DF.csv",1,0.045,551,547
568,0,22,"Patient26_trees.txt","Patient26_trees.txt_T21_DF.csv",1,0.045,568,547
577,0,23,"Patient26_trees.txt","Patient26_trees.txt_T22_DF.csv",1,0.045,577,859
573,0,24,"Patient26_trees.txt","Patient26_trees.txt_T23_DF.csv",1,0.045,573,859
522,0,4,"Patient26_trees.txt","Patient26_trees.txt_T3_DF.csv",1,0.045,522,550
527,0,5,"Patient26_trees.txt","Patient26_trees.txt_T4_DF.csv",1,0.045,527,594
532,0,6,"Patient26_trees.txt","Patient26_trees.txt_T5_DF.csv",1,0.045,532,552
543,0,7,"Patient26_trees.txt","Patient26_trees.txt_T6_DF.csv",1,0.045,543,859
526,0,8,"Patient26_trees.txt","Patient26_trees.txt_T7_DF.csv",1,0.045,526,570
543,0,9,"Patient26_trees.txt","Patient26_trees.txt_T8_DF.csv",1,0.045,543,899
526,0,10,"Patient26_trees.txt","Patient26_trees.txt_T9_DF.csv",1,0.045,526,576
161,0,1,"Patient29_trees.txt","Patient29_trees.txt_T0_DF.csv",1,0.05,161,161
169,0,2,"Patient29_trees.txt","Patient29_trees.txt_T1_DF.csv",1,0.05,169,169
167,0,1,"Patient30_trees.txt","Patient30_trees.txt_T0_DF.csv",1,0.043,167,194
175,0,2,"Patient30_trees.txt","Patient30_trees.txt_T1_DF.csv",1,0.043,175,1290
12,0,1,"Patient32_trees.txt","Patient32_trees.txt_T0_DF.csv",1,0.026,12,154
12,0,2,"Patient32_trees.txt","Patient32_trees.txt_T1_DF.csv",1,0.026,12,154
520,0,1,"Patient36_trees.txt","Patient36_trees.txt_T0_DF.csv",1,0.063,520,520
555,0,2,"Patient36_trees.txt","Patient36_trees.txt_T1_DF.csv",1,0.063,555,556
533,0,1,"Patient38_trees.txt","Patient38_trees.txt_T0_DF.csv",1,0.045,533,973
533,0,2,"Patient38_trees.txt","Patient38_trees.txt_T1_DF.csv",1,0.045,533,10499
544,0,11,"Patient38_trees.txt","Patient38_trees.txt_T10_DF.csv",1,0.045,544,973
579,0,101,"Patient38_trees.txt","Patient38_trees.txt_T100_DF.csv",1,0.045,579,10499
601,0,102,"Patient38_trees.txt","Patient38_trees.txt_T101_DF.csv",1,0.045,601,973
557,0,103,"Patient38_trees.txt","Patient38_trees.txt_T102_DF.csv",1,0.045,557,10499
557,0,104,"Patient38_trees.txt","Patient38_trees.txt_T103_DF.csv",1,0.045,557,973
579,0,105,"Patient38_trees.txt","Patient38_trees.txt_T104_DF.csv",1,0.045,579,10499
602,0,106,"Patient38_trees.txt","Patient38_trees.txt_T105_DF.csv",1,0.045,602,973
625,0,107,"Patient38_trees.txt","Patient38_trees.txt_T106_DF.csv",1,0.045,625,973
602,0,108,"Patient38_trees.txt","Patient38_trees.txt_T107_DF.csv",1,0.045,602,973
601,0,109,"Patient38_trees.txt","Patient38_trees.txt_T108_DF.csv",1,0.045,601,973
579,0,110,"Patient38_trees.txt","Patient38_trees.txt_T109_DF.csv",1,0.045,579,10499
545,0,12,"Patient38_trees.txt","Patient38_trees.txt_T11_DF.csv",1,0.045,545,10499
590,0,111,"Patient38_trees.txt","Patient38_trees.txt_T110_DF.csv",1,0.045,590,974
583,0,112,"Patient38_trees.txt","Patient38_trees.txt_T111_DF.csv",1,0.045,583,981
584,0,113,"Patient38_trees.txt","Patient38_trees.txt_T112_DF.csv",1,0.045,584,974
582,0,114,"Patient38_trees.txt","Patient38_trees.txt_T113_DF.csv",1,0.045,582,989
606,0,115,"Patient38_trees.txt","Patient38_trees.txt_T114_DF.csv",1,0.045,606,974
563,0,116,"Patient38_trees.txt","Patient38_trees.txt_T115_DF.csv",1,0.045,563,974
583,0,117,"Patient38_trees.txt","Patient38_trees.txt_T116_DF.csv",1,0.045,583,994
583,0,118,"Patient38_trees.txt","Patient38_trees.txt_T117_DF.csv",1,0.045,583,974
589,0,119,"Patient38_trees.txt","Patient38_trees.txt_T118_DF.csv",1,0.045,589,1046
563,0,120,"Patient38_trees.txt","Patient38_trees.txt_T119_DF.csv",1,0.045,563,1067
546,0,13,"Patient38_trees.txt","Patient38_trees.txt_T12_DF.csv",1,0.045,546,974
582,0,121,"Patient38_trees.txt","Patient38_trees.txt_T120_DF.csv",1,0.045,582,994
606,0,122,"Patient38_trees.txt","Patient38_trees.txt_T121_DF.csv",1,0.045,606,10499
570,0,123,"Patient38_trees.txt","Patient38_trees.txt_T122_DF.csv",1,0.045,570,10499
611,0,124,"Patient38_trees.txt","Patient38_trees.txt_T123_DF.csv",1,0.045,611,10499
610,0,125,"Patient38_trees.txt","Patient38_trees.txt_T124_DF.csv",1,0.045,610,10499
564,0,126,"Patient38_trees.txt","Patient38_trees.txt_T125_DF.csv",1,0.045,564,10499
569,0,127,"Patient38_trees.txt","Patient38_trees.txt_T126_DF.csv",1,0.045,569,10499
570,0,128,"Patient38_trees.txt","Patient38_trees.txt_T127_DF.csv",1,0.045,570,1149
564,0,129,"Patient38_trees.txt","Patient38_trees.txt_T128_DF.csv",1,0.045,564,10499
570,0,130,"Patient38_trees.txt","Patient38_trees.txt_T129_DF.csv",1,0.045,570,1149
544,0,14,"Patient38_trees.txt","Patient38_trees.txt_T13_DF.csv",1,0.045,544,1149
576,0,131,"Patient38_trees.txt","Patient38_trees.txt_T130_DF.csv",1,0.045,576,1149
611,0,132,"Patient38_trees.txt","Patient38_trees.txt_T131_DF.csv",1,0.045,611,10499
611,0,133,"Patient38_trees.txt","Patient38_trees.txt_T132_DF.csv",1,0.045,611,10499
606,0,134,"Patient38_trees.txt","Patient38_trees.txt_T133_DF.csv",1,0.045,606,978
589,0,135,"Patient38_trees.txt","Patient38_trees.txt_T134_DF.csv",1,0.045,589,10499
590,0,136,"Patient38_trees.txt","Patient38_trees.txt_T135_DF.csv",1,0.045,590,984
584,0,137,"Patient38_trees.txt","Patient38_trees.txt_T136_DF.csv",1,0.045,584,992
609,0,138,"Patient38_trees.txt","Patient38_trees.txt_T137_DF.csv",1,0.045,609,992
611,0,139,"Patient38_trees.txt","Patient38_trees.txt_T138_DF.csv",1,0.045,611,10499
582,0,140,"Patient38_trees.txt","Patient38_trees.txt_T139_DF.csv",1,0.045,582,10499
551,0,15,"Patient38_trees.txt","Patient38_trees.txt_T14_DF.csv",1,0.045,551,984
606,0,141,"Patient38_trees.txt","Patient38_trees.txt_T140_DF.csv",1,0.045,606,984
610,0,142,"Patient38_trees.txt","Patient38_trees.txt_T141_DF.csv",1,0.045,610,984
611,0,143,"Patient38_trees.txt","Patient38_trees.txt_T142_DF.csv",1,0.045,611,1001
584,0,144,"Patient38_trees.txt","Patient38_trees.txt_T143_DF.csv",1,0.045,584,992
590,0,145,"Patient38_trees.txt","Patient38_trees.txt_T144_DF.csv",1,0.045,590,995
596,0,146,"Patient38_trees.txt","Patient38_trees.txt_T145_DF.csv",1,0.045,596,997
583,0,147,"Patient38_trees.txt","Patient38_trees.txt_T146_DF.csv",1,0.045,583,992
606,0,148,"Patient38_trees.txt","Patient38_trees.txt_T147_DF.csv",1,0.045,606,992
629,0,149,"Patient38_trees.txt","Patient38_trees.txt_T148_DF.csv",1,0.045,629,992
610,0,150,"Patient38_trees.txt","Patient38_trees.txt_T149_DF.csv",1,0.045,610,1001
537,0,16,"Patient38_trees.txt","Patient38_trees.txt_T15_DF.csv",1,0.045,537,992
634,0,151,"Patient38_trees.txt","Patient38_trees.txt_T150_DF.csv",1,0.045,634,10499
640,0,152,"Patient38_trees.txt","Patient38_trees.txt_T151_DF.csv",1,0.045,640,10499
617,0,153,"Patient38_trees.txt","Patient38_trees.txt_T152_DF.csv",1,0.045,617,10499
638,0,154,"Patient38_trees.txt","Patient38_trees.txt_T153_DF.csv",1,0.045,638,10499
590,0,155,"Patient38_trees.txt","Patient38_trees.txt_T154_DF.csv",1,0.045,590,10499
611,0,156,"Patient38_trees.txt","Patient38_trees.txt_T155_DF.csv",1,0.045,611,10499
570,0,157,"Patient38_trees.txt","Patient38_trees.txt_T156_DF.csv",1,0.045,570,10499
610,0,158,"Patient38_trees.txt","Patient38_trees.txt_T157_DF.csv",1,0.045,610,992
589,0,159,"Patient38_trees.txt","Patient38_trees.txt_T158_DF.csv",1,0.045,589,4110
582,0,160,"Patient38_trees.txt","Patient38_trees.txt_T159_DF.csv",1,0.045,582,10530
551,0,17,"Patient38_trees.txt","Patient38_trees.txt_T16_DF.csv",1,0.045,551,1178
606,0,161,"Patient38_trees.txt","Patient38_trees.txt_T160_DF.csv",1,0.045,606,999
583,0,162,"Patient38_trees.txt","Patient38_trees.txt_T161_DF.csv",1,0.045,583,999
563,0,163,"Patient38_trees.txt","Patient38_trees.txt_T162_DF.csv",1,0.045,563,10499
583,0,164,"Patient38_trees.txt","Patient38_trees.txt_T163_DF.csv",1,0.045,583,10499
579,0,165,"Patient38_trees.txt","Patient38_trees.txt_T164_DF.csv",1,0.045,579,979
584,0,166,"Patient38_trees.txt","Patient38_trees.txt_T165_DF.csv",1,0.045,584,980
563,0,167,"Patient38_trees.txt","Patient38_trees.txt_T166_DF.csv",1,0.045,563,980
606,0,168,"Patient38_trees.txt","Patient38_trees.txt_T167_DF.csv",1,0.045,606,993
582,0,169,"Patient38_trees.txt","Patient38_trees.txt_T168_DF.csv",1,0.045,582,992
583,0,170,"Patient38_trees.txt","Patient38_trees.txt_T169_DF.csv",1,0.045,583,993
550,0,18,"Patient38_trees.txt","Patient38_trees.txt_T17_DF.csv",1,0.045,550,986
601,0,171,"Patient38_trees.txt","Patient38_trees.txt_T170_DF.csv",1,0.045,601,1238
556,0,172,"Patient38_trees.txt","Patient38_trees.txt_T171_DF.csv",1,0.045,556,993
578,0,173,"Patient38_trees.txt","Patient38_trees.txt_T172_DF.csv",1,0.045,578,985
558,0,174,"Patient38_trees.txt","Patient38_trees.txt_T173_DF.csv",1,0.045,558,1206
558,0,175,"Patient38_trees.txt","Patient38_trees.txt_T174_DF.csv",1,0.045,558,992
557,0,176,"Patient38_trees.txt","Patient38_trees.txt_T175_DF.csv",1,0.045,557,1238
557,0,177,"Patient38_trees.txt","Patient38_trees.txt_T176_DF.csv",1,0.045,557,986
579,0,178,"Patient38_trees.txt","Patient38_trees.txt_T177_DF.csv",1,0.045,579,993
601,0,179,"Patient38_trees.txt","Patient38_trees.txt_T178_DF.csv",1,0.045,601,10499
602,0,180,"Patient38_trees.txt","Patient38_trees.txt_T179_DF.csv",1,0.045,602,10499
551,0,19,"Patient38_trees.txt","Patient38_trees.txt_T18_DF.csv",1,0.045,551,10499
579,0,181,"Patient38_trees.txt","Patient38_trees.txt_T180_DF.csv",1,0.045,579,10499
602,0,182,"Patient38_trees.txt","Patient38_trees.txt_T181_DF.csv",1,0.045,602,10499
625,0,183,"Patient38_trees.txt","Patient38_trees.txt_T182_DF.csv",1,0.045,625,10499
584,0,184,"Patient38_trees.txt","Patient38_trees.txt_T183_DF.csv",1,0.045,584,10499
584,0,185,"Patient38_trees.txt","Patient38_trees.txt_T184_DF.csv",1,0.045,584,10499
589,0,186,"Patient38_trees.txt","Patient38_trees.txt_T185_DF.csv",1,0.045,589,978
589,0,187,"Patient38_trees.txt","Patient38_trees.txt_T186_DF.csv",1,0.045,589,978
590,0,188,"Patient38_trees.txt","Patient38_trees.txt_T187_DF.csv",1,0.045,590,1047
584,0,189,"Patient38_trees.txt","Patient38_trees.txt_T188_DF.csv",1,0.045,584,1207
584,0,190,"Patient38_trees.txt","Patient38_trees.txt_T189_DF.csv",1,0.045,584,1047
551,0,20,"Patient38_trees.txt","Patient38_trees.txt_T19_DF.csv",1,0.045,551,1053
584,0,191,"Patient38_trees.txt","Patient38_trees.txt_T190_DF.csv",1,0.045,584,1176
596,0,192,"Patient38_trees.txt","Patient38_trees.txt_T191_DF.csv",1,0.045,596,1176
590,0,193,"Patient38_trees.txt","Patient38_trees.txt_T192_DF.csv",1,0.045,590,985
589,0,194,"Patient38_trees.txt","Patient38_trees.txt_T193_DF.csv",1,0.045,589,996
584,0,195,"Patient38_trees.txt","Patient38_trees.txt_T194_DF.csv",1,0.045,584,1002
582,0,196,"Patient38_trees.txt","Patient38_trees.txt_T195_DF.csv",1,0.045,582,992
583,0,197,"Patient38_trees.txt","Patient38_trees.txt_T196_DF.csv",1,0.045,583,993
564,0,198,"Patient38_trees.txt","Patient38_trees.txt_T197_DF.csv",1,0.045,564,985
606,0,199,"Patient38_trees.txt","Patient38_trees.txt_T198_DF.csv",1,0.045,606,986
629,0,200,"Patient38_trees.txt","Patient38_trees.txt_T199_DF.csv",1,0.045,629,995
533,0,3,"Patient38_trees.txt","Patient38_trees.txt_T2_DF.csv",1,0.045,533,985
558,0,21,"Patient38_trees.txt","Patient38_trees.txt_T20_DF.csv",1,0.045,558,1208
606,0,201,"Patient38_trees.txt","Patient38_trees.txt_T200_DF.csv",1,0.045,606,1002
564,0,202,"Patient38_trees.txt","Patient38_trees.txt_T201_DF.csv",1,0.045,564,992
606,0,203,"Patient38_trees.txt","Patient38_trees.txt_T202_DF.csv",1,0.045,606,4304
611,0,204,"Patient38_trees.txt","Patient38_trees.txt_T203_DF.csv",1,0.045,611,985
611,0,205,"Patient38_trees.txt","Patient38_trees.txt_T204_DF.csv",1,0.045,611,986
570,0,206,"Patient38_trees.txt","Patient38_trees.txt_T205_DF.csv",1,0.045,570,982
610,0,207,"Patient38_trees.txt","Patient38_trees.txt_T206_DF.csv",1,0.045,610,1206
611,0,208,"Patient38_trees.txt","Patient38_trees.txt_T207_DF.csv",1,0.045,611,992
569,0,209,"Patient38_trees.txt","Patient38_trees.txt_T208_DF.csv",1,0.045,569,982
609,0,210,"Patient38_trees.txt","Patient38_trees.txt_T209_DF.csv",1,0.045,609,993
552,0,22,"Patient38_trees.txt","Patient38_trees.txt_T21_DF.csv",1,0.045,552,1238
611,0,211,"Patient38_trees.txt","Patient38_trees.txt_T210_DF.csv",1,0.045,611,979
570,0,212,"Patient38_trees.txt","Patient38_trees.txt_T211_DF.csv",1,0.045,570,993
610,0,213,"Patient38_trees.txt","Patient38_trees.txt_T212_DF.csv",1,0.045,610,979
634,0,214,"Patient38_trees.txt","Patient38_trees.txt_T213_DF.csv",1,0.045,634,979
576,0,215,"Patient38_trees.txt","Patient38_trees.txt_T214_DF.csv",1,0.045,576,1049
617,0,216,"Patient38_trees.txt","Patient38_trees.txt_T215_DF.csv",1,0.045,617,998
640,0,217,"Patient38_trees.txt","Patient38_trees.txt_T216_DF.csv",1,0.045,640,4507
638,0,218,"Patient38_trees.txt","Patient38_trees.txt_T217_DF.csv",1,0.045,638,994
589,0,219,"Patient38_trees.txt","Patient38_trees.txt_T218_DF.csv",1,0.045,589,993
584,0,220,"Patient38_trees.txt","Patient38_trees.txt_T219_DF.csv",1,0.045,584,999
552,0,23,"Patient38_trees.txt","Patient38_trees.txt_T22_DF.csv",1,0.045,552,986
584,0,221,"Patient38_trees.txt","Patient38_trees.txt_T220_DF.csv",1,0.045,584,985
583,0,222,"Patient38_trees.txt","Patient38_trees.txt_T221_DF.csv",1,0.045,583,1241
589,0,223,"Patient38_trees.txt","Patient38_trees.txt_T222_DF.csv",1,0.045,589,1006
582,0,224,"Patient38_trees.txt","Patient38_trees.txt_T223_DF.csv",1,0.045,582,1206
582,0,225,"Patient38_trees.txt","Patient38_trees.txt_T224_DF.csv",1,0.045,582,992
606,0,226,"Patient38_trees.txt","Patient38_trees.txt_T225_DF.csv",1,0.045,606,1238
606,0,227,"Patient38_trees.txt","Patient38_trees.txt_T226_DF.csv",1,0.045,606,993
606,0,228,"Patient38_trees.txt","Patient38_trees.txt_T227_DF.csv",1,0.045,606,985
582,0,229,"Patient38_trees.txt","Patient38_trees.txt_T228_DF.csv",1,0.045,582,1054
611,0,230,"Patient38_trees.txt","Patient38_trees.txt_T229_DF.csv",1,0.045,611,1004
552,0,24,"Patient38_trees.txt","Patient38_trees.txt_T23_DF.csv",1,0.045,552,1206
609,0,231,"Patient38_trees.txt","Patient38_trees.txt_T230_DF.csv",1,0.045,609,996
609,0,232,"Patient38_trees.txt","Patient38_trees.txt_T231_DF.csv",1,0.045,609,1002
611,0,233,"Patient38_trees.txt","Patient38_trees.txt_T232_DF.csv",1,0.045,611,1266
606,0,234,"Patient38_trees.txt","Patient38_trees.txt_T233_DF.csv",1,0.045,606,1066
582,0,235,"Patient38_trees.txt","Patient38_trees.txt_T234_DF.csv",1,0.045,582,4719
584,0,236,"Patient38_trees.txt","Patient38_trees.txt_T235_DF.csv",1,0.045,584,1014
584,0,237,"Patient38_trees.txt","Patient38_trees.txt_T236_DF.csv",1,0.045,584,1277
584,0,238,"Patient38_trees.txt","Patient38_trees.txt_T237_DF.csv",1,0.045,584,986
606,0,239,"Patient38_trees.txt","Patient38_trees.txt_T238_DF.csv",1,0.045,606,993
606,0,240,"Patient38_trees.txt","Patient38_trees.txt_T239_DF.csv",1,0.045,606,981
552,0,25,"Patient38_trees.txt","Patient38_trees.txt_T24_DF.csv",1,0.045,552,1238
606,0,241,"Patient38_trees.txt","Patient38_trees.txt_T240_DF.csv",1,0.045,606,986
629,0,242,"Patient38_trees.txt","Patient38_trees.txt_T241_DF.csv",1,0.045,629,1208
583,0,243,"Patient38_trees.txt","Patient38_trees.txt_T242_DF.csv",1,0.045,583,1002
606,0,244,"Patient38_trees.txt","Patient38_trees.txt_T243_DF.csv",1,0.045,606,995
629,0,245,"Patient38_trees.txt","Patient38_trees.txt_T244_DF.csv",1,0.045,629,991
606,0,246,"Patient38_trees.txt","Patient38_trees.txt_T245_DF.csv",1,0.045,606,4304
583,0,247,"Patient38_trees.txt","Patient38_trees.txt_T246_DF.csv",1,0.045,583,1032
606,0,248,"Patient38_trees.txt","Patient38_trees.txt_T247_DF.csv",1,0.045,606,985
582,0,249,"Patient38_trees.txt","Patient38_trees.txt_T248_DF.csv",1,0.045,582,981
606,0,250,"Patient38_trees.txt","Patient38_trees.txt_T249_DF.csv",1,0.045,606,992
558,0,26,"Patient38_trees.txt","Patient38_trees.txt_T25_DF.csv",1,0.045,558,1206
610,0,251,"Patient38_trees.txt","Patient38_trees.txt_T250_DF.csv",1,0.045,610,985
610,0,252,"Patient38_trees.txt","Patient38_trees.txt_T251_DF.csv",1,0.045,610,1037
610,0,253,"Patient38_trees.txt","Patient38_trees.txt_T252_DF.csv",1,0.045,610,1197
612,0,254,"Patient38_trees.txt","Patient38_trees.txt_T253_DF.csv",1,0.045,612,1032
612,0,255,"Patient38_trees.txt","Patient38_trees.txt_T254_DF.csv",1,0.045,612,978
634,0,256,"Patient38_trees.txt","Patient38_trees.txt_T255_DF.csv",1,0.045,634,978
590,0,257,"Patient38_trees.txt","Patient38_trees.txt_T256_DF.csv",1,0.045,590,1176
611,0,258,"Patient38_trees.txt","Patient38_trees.txt_T257_DF.csv",1,0.045,611,1176
612,0,259,"Patient38_trees.txt","Patient38_trees.txt_T258_DF.csv",1,0.045,612,985
634,0,260,"Patient38_trees.txt","Patient38_trees.txt_T259_DF.csv",1,0.045,634,993
550,0,27,"Patient38_trees.txt","Patient38_trees.txt_T26_DF.csv",1,0.045,550,992
590,0,261,"Patient38_trees.txt","Patient38_trees.txt_T260_DF.csv",1,0.045,590,985
611,0,262,"Patient38_trees.txt","Patient38_trees.txt_T261_DF.csv",1,0.045,611,997
611,0,263,"Patient38_trees.txt","Patient38_trees.txt_T262_DF.csv",1,0.045,611,1002
590,0,264,"Patient38_trees.txt","Patient38_trees.txt_T263_DF.csv",1,0.045,590,9575
611,0,265,"Patient38_trees.txt","Patient38_trees.txt_T264_DF.csv",1,0.045,611,9575
611,0,266,"Patient38_trees.txt","Patient38_trees.txt_T265_DF.csv",1,0.045,611,9575
590,0,267,"Patient38_trees.txt","Patient38_trees.txt_T266_DF.csv",1,0.045,590,999
610,0,268,"Patient38_trees.txt","Patient38_trees.txt_T267_DF.csv",1,0.045,610,986
611,0,269,"Patient38_trees.txt","Patient38_trees.txt_T268_DF.csv",1,0.045,611,985
611,0,270,"Patient38_trees.txt","Patient38_trees.txt_T269_DF.csv",1,0.045,611,9575
559,0,28,"Patient38_trees.txt","Patient38_trees.txt_T27_DF.csv",1,0.045,559,985
611,0,271,"Patient38_trees.txt","Patient38_trees.txt_T270_DF.csv",1,0.045,611,1004
611,0,272,"Patient38_trees.txt","Patient38_trees.txt_T271_DF.csv",1,0.045,611,1074
609,0,273,"Patient38_trees.txt","Patient38_trees.txt_T272_DF.csv",1,0.045,609,9575
589,0,274,"Patient38_trees.txt","Patient38_trees.txt_T273_DF.csv",1,0.045,589,9575
612,0,275,"Patient38_trees.txt","Patient38_trees.txt_T274_DF.csv",1,0.045,612,1206
617,0,276,"Patient38_trees.txt","Patient38_trees.txt_T275_DF.csv",1,0.045,617,1206
612,0,277,"Patient38_trees.txt","Patient38_trees.txt_T276_DF.csv",1,0.045,612,979
617,0,278,"Patient38_trees.txt","Patient38_trees.txt_T277_DF.csv",1,0.045,617,997
590,0,279,"Patient38_trees.txt","Patient38_trees.txt_T278_DF.csv",1,0.045,590,1002
596,0,280,"Patient38_trees.txt","Patient38_trees.txt_T279_DF.csv",1,0.045,596,993
559,0,29,"Patient38_trees.txt","Patient38_trees.txt_T28_DF.csv",1,0.045,559,979
617,0,281,"Patient38_trees.txt","Patient38_trees.txt_T280_DF.csv",1,0.045,617,992
612,0,282,"Patient38_trees.txt","Patient38_trees.txt_T281_DF.csv",1,0.045,612,1006
640,0,283,"Patient38_trees.txt","Patient38_trees.txt_T282_DF.csv",1,0.045,640,993
638,0,284,"Patient38_trees.txt","Patient38_trees.txt_T283_DF.csv",1,0.045,638,979
610,0,285,"Patient38_trees.txt","Patient38_trees.txt_T284_DF.csv",1,0.045,610,1238
634,0,286,"Patient38_trees.txt","Patient38_trees.txt_T285_DF.csv",1,0.045,634,994
590,0,287,"Patient38_trees.txt","Patient38_trees.txt_T286_DF.csv",1,0.045,590,993
596,0,288,"Patient38_trees.txt","Patient38_trees.txt_T287_DF.csv",1,0.045,596,1241
617,0,289,"Patient38_trees.txt","Patient38_trees.txt_T288_DF.csv",1,0.045,617,4507
634,0,290,"Patient38_trees.txt","Patient38_trees.txt_T289_DF.csv",1,0.045,634,1070
537,0,30,"Patient38_trees.txt","Patient38_trees.txt_T29_DF.csv",1,0.045,537,1277
640,0,291,"Patient38_trees.txt","Patient38_trees.txt_T290_DF.csv",1,0.045,640,1085
610,0,292,"Patient38_trees.txt","Patient38_trees.txt_T291_DF.csv",1,0.045,610,998
638,0,293,"Patient38_trees.txt","Patient38_trees.txt_T292_DF.csv",1,0.045,638,1015
584,0,294,"Patient38_trees.txt","Patient38_trees.txt_T293_DF.csv",1,0.045,584,4719
582,0,295,"Patient38_trees.txt","Patient38_trees.txt_T294_DF.csv",1,0.045,582,1277
606,0,296,"Patient38_trees.txt","Patient38_trees.txt_T295_DF.csv",1,0.045,606,9575
630,0,297,"Patient38_trees.txt","Patient38_trees.txt_T296_DF.csv",1,0.045,630,9575
585,0,298,"Patient38_trees.txt","Patient38_trees.txt_T297_DF.csv",1,0.045,585,9575
583,0,299,"Patient38_trees.txt","Patient38_trees.txt_T298_DF.csv",1,0.045,583,9575
630,0,300,"Patient38_trees.txt","Patient38_trees.txt_T299_DF.csv",1,0.045,630,9575
533,0,4,"Patient38_trees.txt","Patient38_trees.txt_T3_DF.csv",1,0.045,533,9575
560,0,31,"Patient38_trees.txt","Patient38_trees.txt_T30_DF.csv",1,0.045,560,9575
655,0,301,"Patient38_trees.txt","Patient38_trees.txt_T300_DF.csv",1,0.045,655,9575
611,0,302,"Patient38_trees.txt","Patient38_trees.txt_T301_DF.csv",1,0.045,611,9575
617,0,303,"Patient38_trees.txt","Patient38_trees.txt_T302_DF.csv",1,0.045,617,9575
597,0,304,"Patient38_trees.txt","Patient38_trees.txt_T303_DF.csv",1,0.045,597,9575
589,0,305,"Patient38_trees.txt","Patient38_trees.txt_T304_DF.csv",1,0.045,589,9675
609,0,306,"Patient38_trees.txt","Patient38_trees.txt_T305_DF.csv",1,0.045,609,9575
634,0,307,"Patient38_trees.txt","Patient38_trees.txt_T306_DF.csv",1,0.045,634,9575
638,0,308,"Patient38_trees.txt","Patient38_trees.txt_T307_DF.csv",1,0.045,638,9675
640,0,309,"Patient38_trees.txt","Patient38_trees.txt_T308_DF.csv",1,0.045,640,9575
604,0,310,"Patient38_trees.txt","Patient38_trees.txt_T309_DF.csv",1,0.045,604,9575
567,0,32,"Patient38_trees.txt","Patient38_trees.txt_T31_DF.csv",1,0.045,567,985
597,0,311,"Patient38_trees.txt","Patient38_trees.txt_T310_DF.csv",1,0.045,597,985
646,0,312,"Patient38_trees.txt","Patient38_trees.txt_T311_DF.csv",1,0.045,646,985
639,0,313,"Patient38_trees.txt","Patient38_trees.txt_T312_DF.csv",1,0.045,639,997
664,0,314,"Patient38_trees.txt","Patient38_trees.txt_T313_DF.csv",1,0.045,664,992
668,0,315,"Patient38_trees.txt","Patient38_trees.txt_T314_DF.csv",1,0.045,668,992
670,0,316,"Patient38_trees.txt","Patient38_trees.txt_T315_DF.csv",1,0.045,670,1002
531,0,33,"Patient38_trees.txt","Patient38_trees.txt_T32_DF.csv",1,0.045,531,1206
531,0,34,"Patient38_trees.txt","Patient38_trees.txt_T33_DF.csv",1,0.045,531,996
532,0,35,"Patient38_trees.txt","Patient38_trees.txt_T34_DF.csv",1,0.045,532,1002
533,0,36,"Patient38_trees.txt","Patient38_trees.txt_T35_DF.csv",1,0.045,533,992
533,0,37,"Patient38_trees.txt","Patient38_trees.txt_T36_DF.csv",1,0.045,533,1206
532,0,38,"Patient38_trees.txt","Patient38_trees.txt_T37_DF.csv",1,0.045,532,992
533,0,39,"Patient38_trees.txt","Patient38_trees.txt_T38_DF.csv",1,0.045,533,1206
552,0,40,"Patient38_trees.txt","Patient38_trees.txt_T39_DF.csv",1,0.045,552,993
534,0,5,"Patient38_trees.txt","Patient38_trees.txt_T4_DF.csv",1,0.045,534,1238
552,0,41,"Patient38_trees.txt","Patient38_trees.txt_T40_DF.csv",1,0.045,552,1238
574,0,42,"Patient38_trees.txt","Patient38_trees.txt_T41_DF.csv",1,0.045,574,1277
597,0,43,"Patient38_trees.txt","Patient38_trees.txt_T42_DF.csv",1,0.045,597,997
597,0,44,"Patient38_trees.txt","Patient38_trees.txt_T43_DF.csv",1,0.045,597,993
574,0,45,"Patient38_trees.txt","Patient38_trees.txt_T44_DF.csv",1,0.045,574,1003
622,0,46,"Patient38_trees.txt","Patient38_trees.txt_T45_DF.csv",1,0.045,622,986
575,0,47,"Patient38_trees.txt","Patient38_trees.txt_T46_DF.csv",1,0.045,575,993
575,0,48,"Patient38_trees.txt","Patient38_trees.txt_T47_DF.csv",1,0.045,575,1079
575,0,49,"Patient38_trees.txt","Patient38_trees.txt_T48_DF.csv",1,0.045,575,1085
622,0,50,"Patient38_trees.txt","Patient38_trees.txt_T49_DF.csv",1,0.045,622,1074
535,0,6,"Patient38_trees.txt","Patient38_trees.txt_T5_DF.csv",1,0.045,535,993
598,0,51,"Patient38_trees.txt","Patient38_trees.txt_T50_DF.csv",1,0.045,598,994
598,0,52,"Patient38_trees.txt","Patient38_trees.txt_T51_DF.csv",1,0.045,598,986
598,0,53,"Patient38_trees.txt","Patient38_trees.txt_T52_DF.csv",1,0.045,598,993
598,0,54,"Patient38_trees.txt","Patient38_trees.txt_T53_DF.csv",1,0.045,598,1006
598,0,55,"Patient38_trees.txt","Patient38_trees.txt_T54_DF.csv",1,0.045,598,986
597,0,56,"Patient38_trees.txt","Patient38_trees.txt_T55_DF.csv",1,0.045,597,1238
622,0,57,"Patient38_trees.txt","Patient38_trees.txt_T56_DF.csv",1,0.045,622,993
598,0,58,"Patient38_trees.txt","Patient38_trees.txt_T57_DF.csv",1,0.045,598,994
575,0,59,"Patient38_trees.txt","Patient38_trees.txt_T58_DF.csv",1,0.045,575,1006
597,0,60,"Patient38_trees.txt","Patient38_trees.txt_T59_DF.csv",1,0.045,597,4507
534,0,7,"Patient38_trees.txt","Patient38_trees.txt_T6_DF.csv",1,0.045,534,1241
622,0,61,"Patient38_trees.txt","Patient38_trees.txt_T60_DF.csv",1,0.045,622,999
576,0,62,"Patient38_trees.txt","Patient38_trees.txt_T61_DF.csv",1,0.045,576,998
623,0,63,"Patient38_trees.txt","Patient38_trees.txt_T62_DF.csv",1,0.045,623,1015
648,0,64,"Patient38_trees.txt","Patient38_trees.txt_T63_DF.csv",1,0.045,648,1059
578,0,65,"Patient38_trees.txt","Patient38_trees.txt_T64_DF.csv",1,0.045,578,1010
578,0,66,"Patient38_trees.txt","Patient38_trees.txt_T65_DF.csv",1,0.045,578,986
557,0,67,"Patient38_trees.txt","Patient38_trees.txt_T66_DF.csv",1,0.045,557,1004
557,0,68,"Patient38_trees.txt","Patient38_trees.txt_T67_DF.csv",1,0.045,557,1010
555,0,69,"Patient38_trees.txt","Patient38_trees.txt_T68_DF.csv",1,0.045,555,993
601,0,70,"Patient38_trees.txt","Patient38_trees.txt_T69_DF.csv",1,0.045,601,4719
545,0,8,"Patient38_trees.txt","Patient38_trees.txt_T7_DF.csv",1,0.045,545,1277
601,0,71,"Patient38_trees.txt","Patient38_trees.txt_T70_DF.csv",1,0.045,601,1238
555,0,72,"Patient38_trees.txt","Patient38_trees.txt_T71_DF.csv",1,0.045,555,1003
625,0,73,"Patient38_trees.txt","Patient38_trees.txt_T72_DF.csv",1,0.045,625,1054
563,0,74,"Patient38_trees.txt","Patient38_trees.txt_T73_DF.csv",1,0.045,563,1004
569,0,75,"Patient38_trees.txt","Patient38_trees.txt_T74_DF.csv",1,0.045,569,1014
569,0,76,"Patient38_trees.txt","Patient38_trees.txt_T75_DF.csv",1,0.045,569,1066
611,0,77,"Patient38_trees.txt","Patient38_trees.txt_T76_DF.csv",1,0.045,611,4719
606,0,78,"Patient38_trees.txt","Patient38_trees.txt_T77_DF.csv",1,0.045,606,1266
611,0,79,"Patient38_trees.txt","Patient38_trees.txt_T78_DF.csv",1,0.045,611,1277
590,0,80,"Patient38_trees.txt","Patient38_trees.txt_T79_DF.csv",1,0.045,590,10499
545,0,9,"Patient38_trees.txt","Patient38_trees.txt_T8_DF.csv",1,0.045,545,10499
609,0,81,"Patient38_trees.txt","Patient38_trees.txt_T80_DF.csv",1,0.045,609,10499
611,0,82,"Patient38_trees.txt","Patient38_trees.txt_T81_DF.csv",1,0.045,611,10499
584,0,83,"Patient38_trees.txt","Patient38_trees.txt_T82_DF.csv",1,0.045,584,10499
582,0,84,"Patient38_trees.txt","Patient38_trees.txt_T83_DF.csv",1,0.045,582,10499
606,0,85,"Patient38_trees.txt","Patient38_trees.txt_T84_DF.csv",1,0.045,606,10499
609,0,86,"Patient38_trees.txt","Patient38_trees.txt_T85_DF.csv",1,0.045,609,10499
590,0,87,"Patient38_trees.txt","Patient38_trees.txt_T86_DF.csv",1,0.045,590,10559
611,0,88,"Patient38_trees.txt","Patient38_trees.txt_T87_DF.csv",1,0.045,611,10499
584,0,89,"Patient38_trees.txt","Patient38_trees.txt_T88_DF.csv",1,0.045,584,10499
596,0,90,"Patient38_trees.txt","Patient38_trees.txt_T89_DF.csv",1,0.045,596,10499
545,0,10,"Patient38_trees.txt","Patient38_trees.txt_T9_DF.csv",1,0.045,545,10499
582,0,91,"Patient38_trees.txt","Patient38_trees.txt_T90_DF.csv",1,0.045,582,10499
563,0,92,"Patient38_trees.txt","Patient38_trees.txt_T91_DF.csv",1,0.045,563,10499
630,0,93,"Patient38_trees.txt","Patient38_trees.txt_T92_DF.csv",1,0.045,630,10499
576,0,94,"Patient38_trees.txt","Patient38_trees.txt_T93_DF.csv",1,0.045,576,10499
640,0,95,"Patient38_trees.txt","Patient38_trees.txt_T94_DF.csv",1,0.045,640,10499
638,0,96,"Patient38_trees.txt","Patient38_trees.txt_T95_DF.csv",1,0.045,638,10499
558,0,97,"Patient38_trees.txt","Patient38_trees.txt_T96_DF.csv",1,0.045,558,10499
558,0,98,"Patient38_trees.txt","Patient38_trees.txt_T97_DF.csv",1,0.045,558,10499
578,0,99,"Patient38_trees.txt","Patient38_trees.txt_T98_DF.csv",1,0.045,578,10499
556,0,100,"Patient38_trees.txt","Patient38_trees.txt_T99_DF.csv",1,0.045,556,10608
107,0,1,"Patient39_trees.txt","Patient39_trees.txt_T0_DF.csv",1,0.042,107,107
107,0,2,"Patient39_trees.txt","Patient39_trees.txt_T1_DF.csv",1,0.042,107,107
111,0,3,"Patient39_trees.txt","Patient39_trees.txt_T2_DF.csv",1,0.042,111,111
111,0,4,"Patient39_trees.txt","Patient39_trees.txt_T3_DF.csv",1,0.042,111,111
111,0,5,"Patient39_trees.txt","Patient39_trees.txt_T4_DF.csv",1,0.042,111,111
116,0,6,"Patient39_trees.txt","Patient39_trees.txt_T5_DF.csv",1,0.042,116,116
843,0,1,"Patient4_trees.txt","Patient4_trees.txt_T0_DF.csv",1,0.053,843,843
843,0,2,"Patient4_trees.txt","Patient4_trees.txt_T1_DF.csv",1,0.053,843,845
890,0,3,"Patient4_trees.txt","Patient4_trees.txt_T2_DF.csv",1,0.053,890,890
940,0,4,"Patient4_trees.txt","Patient4_trees.txt_T3_DF.csv",1,0.053,940,940
940,0,5,"Patient4_trees.txt","Patient4_trees.txt_T4_DF.csv",1,0.053,940,940
940,0,6,"Patient4_trees.txt","Patient4_trees.txt_T5_DF.csv",1,0.053,940,959
890,0,7,"Patient4_trees.txt","Patient4_trees.txt_T6_DF.csv",1,0.053,890,891
993,0,8,"Patient4_trees.txt","Patient4_trees.txt_T7_DF.csv",1,0.053,993,993
120,0,1,"Patient40_trees.txt","Patient40_trees.txt_T0_DF.csv",1,0.042,120,120
125,0,2,"Patient40_trees.txt","Patient40_trees.txt_T1_DF.csv",1,0.042,125,125
735,0,1,"Patient41_trees.txt","Patient41_trees.txt_T0_DF.csv",1,0.088,735,735
735,0,2,"Patient41_trees.txt","Patient41_trees.txt_T1_DF.csv",1,0.088,735,740
746,0,11,"Patient41_trees.txt","Patient41_trees.txt_T10_DF.csv",1,0.088,746,735
756,0,12,"Patient41_trees.txt","Patient41_trees.txt_T11_DF.csv",1,0.088,756,739
746,0,13,"Patient41_trees.txt","Patient41_trees.txt_T12_DF.csv",1,0.088,746,739
756,0,14,"Patient41_trees.txt","Patient41_trees.txt_T13_DF.csv",1,0.088,756,747
770,0,15,"Patient41_trees.txt","Patient41_trees.txt_T14_DF.csv",1,0.088,770,756
802,0,16,"Patient41_trees.txt","Patient41_trees.txt_T15_DF.csv",1,0.088,802,81857
799,0,17,"Patient41_trees.txt","Patient41_trees.txt_T16_DF.csv",1,0.088,799,739
878,0,18,"Patient41_trees.txt","Patient41_trees.txt_T17_DF.csv",1,0.088,878,752
962,0,19,"Patient41_trees.txt","Patient41_trees.txt_T18_DF.csv",1,0.088,962,751
802,0,20,"Patient41_trees.txt","Patient41_trees.txt_T19_DF.csv",1,0.088,802,761
735,0,3,"Patient41_trees.txt","Patient41_trees.txt_T2_DF.csv",1,0.088,735,747
878,0,21,"Patient41_trees.txt","Patient41_trees.txt_T20_DF.csv",1,0.088,878,756
878,0,22,"Patient41_trees.txt","Patient41_trees.txt_T21_DF.csv",1,0.088,878,770
799,0,23,"Patient41_trees.txt","Patient41_trees.txt_T22_DF.csv",1,0.088,799,802
878,0,24,"Patient41_trees.txt","Patient41_trees.txt_T23_DF.csv",1,0.088,878,879
962,0,25,"Patient41_trees.txt","Patient41_trees.txt_T24_DF.csv",1,0.088,962,878
802,0,26,"Patient41_trees.txt","Patient41_trees.txt_T25_DF.csv",1,0.088,802,962
799,0,27,"Patient41_trees.txt","Patient41_trees.txt_T26_DF.csv",1,0.088,799,802
962,0,28,"Patient41_trees.txt","Patient41_trees.txt_T27_DF.csv",1,0.088,962,878
1054,0,29,"Patient41_trees.txt","Patient41_trees.txt_T28_DF.csv",1,0.088,1054,880
802,0,30,"Patient41_trees.txt","Patient41_trees.txt_T29_DF.csv",1,0.088,802,880
739,0,4,"Patient41_trees.txt","Patient41_trees.txt_T3_DF.csv",1,0.088,739,880
806,0,31,"Patient41_trees.txt","Patient41_trees.txt_T30_DF.csv",1,0.088,806,963
806,0,32,"Patient41_trees.txt","Patient41_trees.txt_T31_DF.csv",1,0.088,806,878
811,0,33,"Patient41_trees.txt","Patient41_trees.txt_T32_DF.csv",1,0.088,811,879
818,0,34,"Patient41_trees.txt","Patient41_trees.txt_T33_DF.csv",1,0.088,818,962
876,0,35,"Patient41_trees.txt","Patient41_trees.txt_T34_DF.csv",1,0.088,876,1054
806,0,36,"Patient41_trees.txt","Patient41_trees.txt_T35_DF.csv",1,0.088,806,802
880,0,37,"Patient41_trees.txt","Patient41_trees.txt_T36_DF.csv",1,0.088,880,806
963,0,38,"Patient41_trees.txt","Patient41_trees.txt_T37_DF.csv",1,0.088,963,806
806,0,39,"Patient41_trees.txt","Patient41_trees.txt_T38_DF.csv",1,0.088,806,811
811,0,40,"Patient41_trees.txt","Patient41_trees.txt_T39_DF.csv",1,0.088,811,818
739,0,5,"Patient41_trees.txt","Patient41_trees.txt_T4_DF.csv",1,0.088,739,963
818,0,41,"Patient41_trees.txt","Patient41_trees.txt_T40_DF.csv",1,0.088,818,806
876,0,42,"Patient41_trees.txt","Patient41_trees.txt_T41_DF.csv",1,0.088,876,880
880,0,43,"Patient41_trees.txt","Patient41_trees.txt_T42_DF.csv",1,0.088,880,963
963,0,44,"Patient41_trees.txt","Patient41_trees.txt_T43_DF.csv",1,0.088,963,806
883,0,45,"Patient41_trees.txt","Patient41_trees.txt_T44_DF.csv",1,0.088,883,811
965,0,46,"Patient41_trees.txt","Patient41_trees.txt_T45_DF.csv",1,0.088,965,818
961,0,47,"Patient41_trees.txt","Patient41_trees.txt_T46_DF.csv",1,0.088,961,963
889,0,48,"Patient41_trees.txt","Patient41_trees.txt_T47_DF.csv",1,0.088,889,880
969,0,49,"Patient41_trees.txt","Patient41_trees.txt_T48_DF.csv",1,0.088,969,963
1053,0,50,"Patient41_trees.txt","Patient41_trees.txt_T49_DF.csv",1,0.088,1053,890
746,0,6,"Patient41_trees.txt","Patient41_trees.txt_T5_DF.csv",1,0.088,746,965
876,0,51,"Patient41_trees.txt","Patient41_trees.txt_T50_DF.csv",1,0.088,876,1057
963,0,52,"Patient41_trees.txt","Patient41_trees.txt_T51_DF.csv",1,0.088,963,889
880,0,53,"Patient41_trees.txt","Patient41_trees.txt_T52_DF.csv",1,0.088,880,969
880,0,54,"Patient41_trees.txt","Patient41_trees.txt_T53_DF.csv",1,0.088,880,1159
876,0,55,"Patient41_trees.txt","Patient41_trees.txt_T54_DF.csv",1,0.088,876,81857
806,0,56,"Patient41_trees.txt","Patient41_trees.txt_T55_DF.csv",1,0.088,806,81857
963,0,57,"Patient41_trees.txt","Patient41_trees.txt_T56_DF.csv",1,0.088,963,81857
880,0,58,"Patient41_trees.txt","Patient41_trees.txt_T57_DF.csv",1,0.088,880,81857
1054,0,59,"Patient41_trees.txt","Patient41_trees.txt_T58_DF.csv",1,0.088,1054,963
818,0,60,"Patient41_trees.txt","Patient41_trees.txt_T59_DF.csv",1,0.088,818,806
756,0,7,"Patient41_trees.txt","Patient41_trees.txt_T6_DF.csv",1,0.088,756,963
811,0,61,"Patient41_trees.txt","Patient41_trees.txt_T60_DF.csv",1,0.088,811,880
811,0,62,"Patient41_trees.txt","Patient41_trees.txt_T61_DF.csv",1,0.088,811,1054
961,0,63,"Patient41_trees.txt","Patient41_trees.txt_T62_DF.csv",1,0.088,961,888
883,0,64,"Patient41_trees.txt","Patient41_trees.txt_T63_DF.csv",1,0.088,883,883
965,0,65,"Patient41_trees.txt","Patient41_trees.txt_T64_DF.csv",1,0.088,965,883
883,0,66,"Patient41_trees.txt","Patient41_trees.txt_T65_DF.csv",1,0.088,883,1057
961,0,67,"Patient41_trees.txt","Patient41_trees.txt_T66_DF.csv",1,0.088,961,885
883,0,68,"Patient41_trees.txt","Patient41_trees.txt_T67_DF.csv",1,0.088,883,966
965,0,69,"Patient41_trees.txt","Patient41_trees.txt_T68_DF.csv",1,0.088,965,885
883,0,70,"Patient41_trees.txt","Patient41_trees.txt_T69_DF.csv",1,0.088,883,1057
739,0,8,"Patient41_trees.txt","Patient41_trees.txt_T7_DF.csv",1,0.088,739,885
889,0,71,"Patient41_trees.txt","Patient41_trees.txt_T70_DF.csv",1,0.088,889,966
889,0,72,"Patient41_trees.txt","Patient41_trees.txt_T71_DF.csv",1,0.088,889,892
1053,0,73,"Patient41_trees.txt","Patient41_trees.txt_T72_DF.csv",1,0.088,1053,891
969,0,74,"Patient41_trees.txt","Patient41_trees.txt_T73_DF.csv",1,0.088,969,891
811,0,75,"Patient41_trees.txt","Patient41_trees.txt_T74_DF.csv",1,0.088,811,1159
818,0,76,"Patient41_trees.txt","Patient41_trees.txt_T75_DF.csv",1,0.088,818,970
829,0,77,"Patient41_trees.txt","Patient41_trees.txt_T76_DF.csv",1,0.088,829,811
965,0,78,"Patient41_trees.txt","Patient41_trees.txt_T77_DF.csv",1,0.088,965,818
969,0,79,"Patient41_trees.txt","Patient41_trees.txt_T78_DF.csv",1,0.088,969,829
975,0,80,"Patient41_trees.txt","Patient41_trees.txt_T79_DF.csv",1,0.088,975,965
739,0,9,"Patient41_trees.txt","Patient41_trees.txt_T8_DF.csv",1,0.088,739,969
889,0,81,"Patient41_trees.txt","Patient41_trees.txt_T80_DF.csv",1,0.088,889,975
1053,0,82,"Patient41_trees.txt","Patient41_trees.txt_T81_DF.csv",1,0.088,1053,889
1058,0,83,"Patient41_trees.txt","Patient41_trees.txt_T82_DF.csv",1,0.088,1058,1159
883,0,84,"Patient41_trees.txt","Patient41_trees.txt_T83_DF.csv",1,0.088,883,1058
1056,0,85,"Patient41_trees.txt","Patient41_trees.txt_T84_DF.csv",1,0.088,1056,890
961,0,86,"Patient41_trees.txt","Patient41_trees.txt_T85_DF.csv",1,0.088,961,1056
1062,0,87,"Patient41_trees.txt","Patient41_trees.txt_T86_DF.csv",1,0.088,1062,1057
897,0,88,"Patient41_trees.txt","Patient41_trees.txt_T87_DF.csv",1,0.088,897,1062
1155,0,89,"Patient41_trees.txt","Patient41_trees.txt_T88_DF.csv",1,0.088,1155,897
746,0,10,"Patient41_trees.txt","Patient41_trees.txt_T9_DF.csv",1,0.088,746,1271
257,0,1,"Patient42_trees.txt","Patient42_trees.txt_T0_DF.csv",1,0.049,257,257
270,0,2,"Patient42_trees.txt","Patient42_trees.txt_T1_DF.csv",1,0.049,270,270
59,0,1,"Patient45_trees.txt","Patient45_trees.txt_T0_DF.csv",1,0.049,59,59
62,0,2,"Patient45_trees.txt","Patient45_trees.txt_T1_DF.csv",1,0.049,62,62
668,0,1,"Patient5_trees.txt","Patient5_trees.txt_T0_DF.csv",1,0.031,668,668
676,0,2,"Patient5_trees.txt","Patient5_trees.txt_T1_DF.csv",1,0.031,676,676
621,0,3,"Patient5_trees.txt","Patient5_trees.txt_T2_DF.csv",1,0.031,621,2256
683,0,4,"Patient5_trees.txt","Patient5_trees.txt_T3_DF.csv",1,0.031,683,683
640,0,5,"Patient5_trees.txt","Patient5_trees.txt_T4_DF.csv",1,0.031,640,2328
690,0,6,"Patient5_trees.txt","Patient5_trees.txt_T5_DF.csv",1,0.031,690,690
468,0,1,"Patient51_trees.txt","Patient51_trees.txt_T0_DF.csv",1,0.074,468,468
506,0,2,"Patient51_trees.txt","Patient51_trees.txt_T1_DF.csv",1,0.074,506,506
88,0,1,"Patient59_trees.txt","Patient59_trees.txt_T0_DF.csv",1,0.072,88,88
95,0,2,"Patient59_trees.txt","Patient59_trees.txt_T1_DF.csv",1,0.072,95,95
128,0,1,"Patient61_trees.txt","Patient61_trees.txt_T0_DF.csv",1,0.06,128,515
144,0,2,"Patient61_trees.txt","Patient61_trees.txt_T1_DF.csv",1,0.06,144,546
18,0,1,"Patient62_trees.txt","Patient62_trees.txt_T0_DF.csv",1,0.025,18,19
18,0,2,"Patient62_trees.txt","Patient62_trees.txt_T1_DF.csv",1,0.025,18,52
432,0,1,"Patient64_trees.txt","Patient64_trees.txt_T0_DF.csv",1,0.042,432,439
471,0,2,"Patient64_trees.txt","Patient64_trees.txt_T1_DF.csv",1,0.042,471,475
451,0,3,"Patient64_trees.txt","Patient64_trees.txt_T2_DF.csv",1,0.042,451,540
41,0,1,"Patient67_trees.txt","Patient67_trees.txt_T0_DF.csv",1,0.036,41,74
38,0,2,"Patient67_trees.txt","Patient67_trees.txt_T1_DF.csv",1,0.036,38,81
415,0,1,"Patient69_trees.txt","Patient69_trees.txt_T0_DF.csv",1,0.049,415,415
436,0,2,"Patient69_trees.txt","Patient69_trees.txt_T1_DF.csv",1,0.049,436,436
42,0,1,"Patient75_trees.txt","Patient75_trees.txt_T0_DF.csv",1,0.076,42,45
46,0,2,"Patient75_trees.txt","Patient75_trees.txt_T1_DF.csv",1,0.076,46,103
385,0,1,"Patient76_trees.txt","Patient76_trees.txt_T0_DF.csv",1,0.053,385,385
430,0,2,"Patient76_trees.txt","Patient76_trees.txt_T1_DF.csv",1,0.053,430,430
407,0,3,"Patient76_trees.txt","Patient76_trees.txt_T2_DF.csv",1,0.053,407,407
